{
  "version": "36.0.0",
  "files": {
    "e5d79a89592b79b7bd36fac8773af215d0eef9ea7a46513239721daea434f3ea": {
      "source": {
        "path": "JohnApigatewayStack.template.json",
        "packaging": "file"
      },
      "destinations": {
        "992382386705-us-east-1": {
          "bucketName": "cdk-hnb659fds-assets-992382386705-us-east-1",
          "objectKey": "e5d79a89592b79b7bd36fac8773af215d0eef9ea7a46513239721daea434f3ea.json",
          "region": "us-east-1",
          "assumeRoleArn": "arn:${AWS::Partition}:iam::992382386705:role/cdk-hnb659fds-file-publishing-role-992382386705-us-east-1"
        }
      }
    }
  },
  "dockerImages": {}
}