{
  "version": "tree-0.1",
  "tree": {
    "id": "App",
    "path": "",
    "children": {
      "JohnApigatewayStack": {
        "id": "JohnApigatewayStack",
        "path": "JohnApigatewayStack",
        "children": {
          "JohnZRESTAPIRef": {
            "id": "JohnZRESTAPIRef",
            "path": "JohnApigatewayStack/JohnZRESTAPIRef",
            "children": {
              "Resource": {
                "id": "Resource",
                "path": "JohnApigatewayStack/JohnZRESTAPIRef/Resource",
                "attributes": {
                  "aws:cdk:cloudformation:type": "AWS::ApiGateway::RestApi",
                  "aws:cdk:cloudformation:props": {
                    "description": "this is for testing mock integration",
                    "endpointConfiguration": {
                      "types": [
                        "REGIONAL"
                      ]
                    },
                    "name": "JohnZWebRestAPI"
                  }
                },
                "constructInfo": {
                  "fqn": "aws-cdk-lib.aws_apigateway.CfnRestApi",
                  "version": "2.151.0"
                }
              },
              "Deployment": {
                "id": "Deployment",
                "path": "JohnApigatewayStack/JohnZRESTAPIRef/Deployment",
                "children": {
                  "Resource": {
                    "id": "Resource",
                    "path": "JohnApigatewayStack/JohnZRESTAPIRef/Deployment/Resource",
                    "attributes": {
                      "aws:cdk:cloudformation:type": "AWS::ApiGateway::Deployment",
                      "aws:cdk:cloudformation:props": {
                        "description": "this is for testing mock integration",
                        "restApiId": {
                          "Ref": "JohnZRESTAPIRefF98A8273"
                        }
                      }
                    },
                    "constructInfo": {
                      "fqn": "aws-cdk-lib.aws_apigateway.CfnDeployment",
                      "version": "2.151.0"
                    }
                  }
                },
                "constructInfo": {
                  "fqn": "aws-cdk-lib.aws_apigateway.Deployment",
                  "version": "2.151.0"
                }
              },
              "DeploymentStage.prod": {
                "id": "DeploymentStage.prod",
                "path": "JohnApigatewayStack/JohnZRESTAPIRef/DeploymentStage.prod",
                "children": {
                  "Resource": {
                    "id": "Resource",
                    "path": "JohnApigatewayStack/JohnZRESTAPIRef/DeploymentStage.prod/Resource",
                    "attributes": {
                      "aws:cdk:cloudformation:type": "AWS::ApiGateway::Stage",
                      "aws:cdk:cloudformation:props": {
                        "deploymentId": {
                          "Ref": "JohnZRESTAPIRefDeploymentBDB61C76185e802749548d0932953f6870e67912"
                        },
                        "restApiId": {
                          "Ref": "JohnZRESTAPIRefF98A8273"
                        },
                        "stageName": "prod"
                      }
                    },
                    "constructInfo": {
                      "fqn": "aws-cdk-lib.aws_apigateway.CfnStage",
                      "version": "2.151.0"
                    }
                  }
                },
                "constructInfo": {
                  "fqn": "aws-cdk-lib.aws_apigateway.Stage",
                  "version": "2.151.0"
                }
              },
              "Endpoint": {
                "id": "Endpoint",
                "path": "JohnApigatewayStack/JohnZRESTAPIRef/Endpoint",
                "constructInfo": {
                  "fqn": "aws-cdk-lib.CfnOutput",
                  "version": "2.151.0"
                }
              },
              "Default": {
                "id": "Default",
                "path": "JohnApigatewayStack/JohnZRESTAPIRef/Default",
                "children": {
                  "JohnTest": {
                    "id": "JohnTest",
                    "path": "JohnApigatewayStack/JohnZRESTAPIRef/Default/JohnTest",
                    "children": {
                      "Resource": {
                        "id": "Resource",
                        "path": "JohnApigatewayStack/JohnZRESTAPIRef/Default/JohnTest/Resource",
                        "attributes": {
                          "aws:cdk:cloudformation:type": "AWS::ApiGateway::Resource",
                          "aws:cdk:cloudformation:props": {
                            "parentId": {
                              "Fn::GetAtt": [
                                "JohnZRESTAPIRefF98A8273",
                                "RootResourceId"
                              ]
                            },
                            "pathPart": "JohnTest",
                            "restApiId": {
                              "Ref": "JohnZRESTAPIRefF98A8273"
                            }
                          }
                        },
                        "constructInfo": {
                          "fqn": "aws-cdk-lib.aws_apigateway.CfnResource",
                          "version": "2.151.0"
                        }
                      },
                      "GET": {
                        "id": "GET",
                        "path": "JohnApigatewayStack/JohnZRESTAPIRef/Default/JohnTest/GET",
                        "children": {
                          "Resource": {
                            "id": "Resource",
                            "path": "JohnApigatewayStack/JohnZRESTAPIRef/Default/JohnTest/GET/Resource",
                            "attributes": {
                              "aws:cdk:cloudformation:type": "AWS::ApiGateway::Method",
                              "aws:cdk:cloudformation:props": {
                                "authorizationType": "NONE",
                                "httpMethod": "GET",
                                "integration": {
                                  "type": "MOCK",
                                  "requestTemplates": {
                                    "application/json": "{\"Return input body\": \"$input.body\"}"
                                  },
                                  "passthroughBehavior": "NEVER",
                                  "integrationResponses": [
                                    {
                                      "statusCode": "200"
                                    }
                                  ]
                                },
                                "resourceId": {
                                  "Ref": "JohnZRESTAPIRefJohnTest842CA865"
                                },
                                "restApiId": {
                                  "Ref": "JohnZRESTAPIRefF98A8273"
                                }
                              }
                            },
                            "constructInfo": {
                              "fqn": "aws-cdk-lib.aws_apigateway.CfnMethod",
                              "version": "2.151.0"
                            }
                          }
                        },
                        "constructInfo": {
                          "fqn": "aws-cdk-lib.aws_apigateway.Method",
                          "version": "2.151.0"
                        }
                      }
                    },
                    "constructInfo": {
                      "fqn": "aws-cdk-lib.aws_apigateway.Resource",
                      "version": "2.151.0"
                    }
                  }
                },
                "constructInfo": {
                  "fqn": "aws-cdk-lib.aws_apigateway.ResourceBase",
                  "version": "2.151.0"
                }
              }
            },
            "constructInfo": {
              "fqn": "aws-cdk-lib.aws_apigateway.RestApi",
              "version": "2.151.0"
            }
          },
          "CDKMetadata": {
            "id": "CDKMetadata",
            "path": "JohnApigatewayStack/CDKMetadata",
            "children": {
              "Default": {
                "id": "Default",
                "path": "JohnApigatewayStack/CDKMetadata/Default",
                "constructInfo": {
                  "fqn": "aws-cdk-lib.CfnResource",
                  "version": "2.151.0"
                }
              }
            },
            "constructInfo": {
              "fqn": "constructs.Construct",
              "version": "10.3.0"
            }
          },
          "BootstrapVersion": {
            "id": "BootstrapVersion",
            "path": "JohnApigatewayStack/BootstrapVersion",
            "constructInfo": {
              "fqn": "aws-cdk-lib.CfnParameter",
              "version": "2.151.0"
            }
          },
          "CheckBootstrapVersion": {
            "id": "CheckBootstrapVersion",
            "path": "JohnApigatewayStack/CheckBootstrapVersion",
            "constructInfo": {
              "fqn": "aws-cdk-lib.CfnRule",
              "version": "2.151.0"
            }
          }
        },
        "constructInfo": {
          "fqn": "aws-cdk-lib.Stack",
          "version": "2.151.0"
        }
      },
      "Tree": {
        "id": "Tree",
        "path": "Tree",
        "constructInfo": {
          "fqn": "constructs.Construct",
          "version": "10.3.0"
        }
      }
    },
    "constructInfo": {
      "fqn": "aws-cdk-lib.App",
      "version": "2.151.0"
    }
  }
}