{
 "Resources": {
  "johngrprefE65798BC": {
   "Type": "AWS::IAM::Group",
   "Properties": {
    "GroupName": "john-group-cdk",
    "ManagedPolicyArns": [
     "arn:aws:iam::aws:policy/AmazonS3FullAccess"
    ]
   },
   "Metadata": {
    "aws:cdk:path": "JohnIamStack/johngrpref/Resource"
   }
  },
  "surbhiGroup0": {
   "Type": "AWS::IAM::UserToGroupAddition",
   "Properties": {
    "GroupName": {
     "Ref": "johngrprefE65798BC"
    },
    "Users": [
     "surbhi"
    ]
   },
   "Metadata": {
    "aws:cdk:path": "JohnIamStack/surbhiGroup0"
   }
  },
  "johnRoleRefAB83ACC4": {
   "Type": "AWS::IAM::Role",
   "Properties": {
    "AssumeRolePolicyDocument": {
     "Statement": [
      {
       "Action": "sts:AssumeRole",
       "Effect": "Allow",
       "Principal": {
        "Service": "ec2.amazonaws.com"
       }
      }
     ],
     "Version": "2012-10-17"
    },
    "ManagedPolicyArns": [
     "arn:aws:iam::aws:policy/AmazonEC2FullAccess"
    ],
    "RoleName": "johnCDKRole"
   },
   "Metadata": {
    "aws:cdk:path": "JohnIamStack/johnRoleRef/Resource"
   }
  },
  "johns3readpolicy9F6AA71A": {
   "Type": "AWS::IAM::Policy",
   "Properties": {
    "Groups": [
     {
      "Ref": "johngrprefE65798BC"
     }
    ],
    "PolicyDocument": {
     "Statement": [
      {
       "Action": [
        "s3:ListAccessGrants",
        "s3:ListAllMyBuckets",
        "s3:ListBucket"
       ],
       "Effect": "Allow",
       "Resource": "arn:aws:s3:::cdk-hnb659fds-assets-992382386705-us-east-1"
      }
     ],
     "Version": "2012-10-17"
    },
    "PolicyName": "johnS3Read",
    "Roles": [
     {
      "Ref": "johnRoleRefAB83ACC4"
     }
    ]
   },
   "Metadata": {
    "aws:cdk:path": "JohnIamStack/john-s3-read-policy/Resource"
   }
  },
  "newUser98C36EA4": {
   "Type": "AWS::IAM::User",
   "Properties": {
    "Groups": [
     {
      "Ref": "johngrprefE65798BC"
     }
    ],
    "LoginProfile": {
     "Password": "BmoAWSpt@098123$",
     "PasswordResetRequired": false
    },
    "UserName": "JohnBMO"
   },
   "Metadata": {
    "aws:cdk:path": "JohnIamStack/newUser/Resource"
   }
  },
  "userRoleTrustRelationPolicy9BADE1A5": {
   "Type": "AWS::IAM::Policy",
   "Properties": {
    "PolicyDocument": {
     "Statement": [
      {
       "Action": "sts:AssumeRole",
       "Effect": "Allow",
       "Resource": {
        "Fn::GetAtt": [
         "johnRoleRefAB83ACC4",
         "Arn"
        ]
       }
      }
     ],
     "Version": "2012-10-17"
    },
    "PolicyName": "johnAllowAssumeRolePolicy",
    "Users": [
     {
      "Ref": "newUser98C36EA4"
     }
    ]
   },
   "Metadata": {
    "aws:cdk:path": "JohnIamStack/userRoleTrustRelationPolicy/Resource"
   }
  },
  "CDKMetadata": {
   "Type": "AWS::CDK::Metadata",
   "Properties": {
    "Analytics": "v2:deflate64:H4sIAAAAAAAA/z2Lyw6CMBREv4V9ubYkujcu3Jqqa1PbmlwovaQPiSH8uymgq3MmM9OA2AvglRpjrU1XO3zCdE1Kd0yN8YGqh+kcKA/s9PJ/uUcbbrTEozGYkDyT5GzpFl7Iof6UuFl5/J4zkzZSDnrdbz4zT8ZCG3fvhoM4AK/aiFiH7BP2FuTKL9GALdSxAAAA"
   },
   "Metadata": {
    "aws:cdk:path": "JohnIamStack/CDKMetadata/Default"
   }
  }
 },
 "Parameters": {
  "BootstrapVersion": {
   "Type": "AWS::SSM::Parameter::Value<String>",
   "Default": "/cdk-bootstrap/hnb659fds/version",
   "Description": "Version of the CDK Bootstrap resources in this environment, automatically retrieved from SSM Parameter Store. [cdk:skip]"
  }
 },
 "Rules": {
  "CheckBootstrapVersion": {
   "Assertions": [
    {
     "Assert": {
      "Fn::Not": [
       {
        "Fn::Contains": [
         [
          "1",
          "2",
          "3",
          "4",
          "5"
         ],
         {
          "Ref": "BootstrapVersion"
         }
        ]
       }
      ]
     },
     "AssertDescription": "CDK bootstrap stack version 6 required. Please run 'cdk bootstrap' with a recent version of the CDK CLI."
    }
   ]
  }
 }
}