{
  "version": "36.0.0",
  "files": {
    "0de31de8f826775c901eea3d52e2cfd5fea09d135a441b6eeed449612cf6d41e": {
      "source": {
        "path": "JohnIamStack.template.json",
        "packaging": "file"
      },
      "destinations": {
        "992382386705-us-east-1": {
          "bucketName": "cdk-hnb659fds-assets-992382386705-us-east-1",
          "objectKey": "0de31de8f826775c901eea3d52e2cfd5fea09d135a441b6eeed449612cf6d41e.json",
          "region": "us-east-1",
          "assumeRoleArn": "arn:${AWS::Partition}:iam::992382386705:role/cdk-hnb659fds-file-publishing-role-992382386705-us-east-1"
        }
      }
    }
  },
  "dockerImages": {}
}