{
  "version": "tree-0.1",
  "tree": {
    "id": "App",
    "path": "",
    "children": {
      "JohnIamStack": {
        "id": "JohnIamStack",
        "path": "JohnIamStack",
        "children": {
          "johngrpref": {
            "id": "johngrpref",
            "path": "JohnIamStack/johngrpref",
            "children": {
              "Resource": {
                "id": "Resource",
                "path": "JohnIamStack/johngrpref/Resource",
                "attributes": {
                  "aws:cdk:cloudformation:type": "AWS::IAM::Group",
                  "aws:cdk:cloudformation:props": {
                    "groupName": "john-group-cdk",
                    "managedPolicyArns": [
                      "arn:aws:iam::aws:policy/AmazonS3FullAccess"
                    ]
                  }
                },
                "constructInfo": {
                  "fqn": "aws-cdk-lib.aws_iam.CfnGroup",
                  "version": "2.151.0"
                }
              }
            },
            "constructInfo": {
              "fqn": "aws-cdk-lib.aws_iam.Group",
              "version": "2.151.0"
            }
          },
          "AmazonS3FullAccess": {
            "id": "AmazonS3FullAccess",
            "path": "JohnIamStack/AmazonS3FullAccess",
            "constructInfo": {
              "fqn": "aws-cdk-lib.Resource",
              "version": "2.151.0"
            }
          },
          "existingUser": {
            "id": "existingUser",
            "path": "JohnIamStack/existingUser",
            "constructInfo": {
              "fqn": "aws-cdk-lib.Resource",
              "version": "2.151.0"
            }
          },
          "surbhiGroup0": {
            "id": "surbhiGroup0",
            "path": "JohnIamStack/surbhiGroup0",
            "attributes": {
              "aws:cdk:cloudformation:type": "AWS::IAM::UserToGroupAddition",
              "aws:cdk:cloudformation:props": {
                "groupName": {
                  "Ref": "johngrprefE65798BC"
                },
                "users": [
                  "surbhi"
                ]
              }
            },
            "constructInfo": {
              "fqn": "aws-cdk-lib.aws_iam.CfnUserToGroupAddition",
              "version": "2.151.0"
            }
          },
          "johnEc2FullAccessPolicy": {
            "id": "johnEc2FullAccessPolicy",
            "path": "JohnIamStack/johnEc2FullAccessPolicy",
            "constructInfo": {
              "fqn": "aws-cdk-lib.Resource",
              "version": "2.151.0"
            }
          },
          "johnRoleRef": {
            "id": "johnRoleRef",
            "path": "JohnIamStack/johnRoleRef",
            "children": {
              "ImportjohnRoleRef": {
                "id": "ImportjohnRoleRef",
                "path": "JohnIamStack/johnRoleRef/ImportjohnRoleRef",
                "constructInfo": {
                  "fqn": "aws-cdk-lib.Resource",
                  "version": "2.151.0"
                }
              },
              "Resource": {
                "id": "Resource",
                "path": "JohnIamStack/johnRoleRef/Resource",
                "attributes": {
                  "aws:cdk:cloudformation:type": "AWS::IAM::Role",
                  "aws:cdk:cloudformation:props": {
                    "assumeRolePolicyDocument": {
                      "Statement": [
                        {
                          "Action": "sts:AssumeRole",
                          "Effect": "Allow",
                          "Principal": {
                            "Service": "ec2.amazonaws.com"
                          }
                        }
                      ],
                      "Version": "2012-10-17"
                    },
                    "managedPolicyArns": [
                      "arn:aws:iam::aws:policy/AmazonEC2FullAccess"
                    ],
                    "roleName": "johnCDKRole"
                  }
                },
                "constructInfo": {
                  "fqn": "aws-cdk-lib.aws_iam.CfnRole",
                  "version": "2.151.0"
                }
              }
            },
            "constructInfo": {
              "fqn": "aws-cdk-lib.aws_iam.Role",
              "version": "2.151.0"
            }
          },
          "john-s3-read-policy": {
            "id": "john-s3-read-policy",
            "path": "JohnIamStack/john-s3-read-policy",
            "children": {
              "Resource": {
                "id": "Resource",
                "path": "JohnIamStack/john-s3-read-policy/Resource",
                "attributes": {
                  "aws:cdk:cloudformation:type": "AWS::IAM::Policy",
                  "aws:cdk:cloudformation:props": {
                    "groups": [
                      {
                        "Ref": "johngrprefE65798BC"
                      }
                    ],
                    "policyDocument": {
                      "Statement": [
                        {
                          "Action": [
                            "s3:ListAccessGrants",
                            "s3:ListAllMyBuckets",
                            "s3:ListBucket"
                          ],
                          "Effect": "Allow",
                          "Resource": "arn:aws:s3:::cdk-hnb659fds-assets-992382386705-us-east-1"
                        }
                      ],
                      "Version": "2012-10-17"
                    },
                    "policyName": "johnS3Read",
                    "roles": [
                      {
                        "Ref": "johnRoleRefAB83ACC4"
                      }
                    ]
                  }
                },
                "constructInfo": {
                  "fqn": "aws-cdk-lib.aws_iam.CfnPolicy",
                  "version": "2.151.0"
                }
              }
            },
            "constructInfo": {
              "fqn": "aws-cdk-lib.aws_iam.Policy",
              "version": "2.151.0"
            }
          },
          "newUser": {
            "id": "newUser",
            "path": "JohnIamStack/newUser",
            "children": {
              "Resource": {
                "id": "Resource",
                "path": "JohnIamStack/newUser/Resource",
                "attributes": {
                  "aws:cdk:cloudformation:type": "AWS::IAM::User",
                  "aws:cdk:cloudformation:props": {
                    "groups": [
                      {
                        "Ref": "johngrprefE65798BC"
                      }
                    ],
                    "loginProfile": {
                      "password": "BmoAWSpt@098123$",
                      "passwordResetRequired": false
                    },
                    "userName": "JohnBMO"
                  }
                },
                "constructInfo": {
                  "fqn": "aws-cdk-lib.aws_iam.CfnUser",
                  "version": "2.151.0"
                }
              }
            },
            "constructInfo": {
              "fqn": "aws-cdk-lib.aws_iam.User",
              "version": "2.151.0"
            }
          },
          "userRoleTrustRelationPolicy": {
            "id": "userRoleTrustRelationPolicy",
            "path": "JohnIamStack/userRoleTrustRelationPolicy",
            "children": {
              "Resource": {
                "id": "Resource",
                "path": "JohnIamStack/userRoleTrustRelationPolicy/Resource",
                "attributes": {
                  "aws:cdk:cloudformation:type": "AWS::IAM::Policy",
                  "aws:cdk:cloudformation:props": {
                    "policyDocument": {
                      "Statement": [
                        {
                          "Action": "sts:AssumeRole",
                          "Effect": "Allow",
                          "Resource": {
                            "Fn::GetAtt": [
                              "johnRoleRefAB83ACC4",
                              "Arn"
                            ]
                          }
                        }
                      ],
                      "Version": "2012-10-17"
                    },
                    "policyName": "johnAllowAssumeRolePolicy",
                    "users": [
                      {
                        "Ref": "newUser98C36EA4"
                      }
                    ]
                  }
                },
                "constructInfo": {
                  "fqn": "aws-cdk-lib.aws_iam.CfnPolicy",
                  "version": "2.151.0"
                }
              }
            },
            "constructInfo": {
              "fqn": "aws-cdk-lib.aws_iam.Policy",
              "version": "2.151.0"
            }
          },
          "CDKMetadata": {
            "id": "CDKMetadata",
            "path": "JohnIamStack/CDKMetadata",
            "children": {
              "Default": {
                "id": "Default",
                "path": "JohnIamStack/CDKMetadata/Default",
                "constructInfo": {
                  "fqn": "aws-cdk-lib.CfnResource",
                  "version": "2.151.0"
                }
              }
            },
            "constructInfo": {
              "fqn": "constructs.Construct",
              "version": "10.3.0"
            }
          },
          "BootstrapVersion": {
            "id": "BootstrapVersion",
            "path": "JohnIamStack/BootstrapVersion",
            "constructInfo": {
              "fqn": "aws-cdk-lib.CfnParameter",
              "version": "2.151.0"
            }
          },
          "CheckBootstrapVersion": {
            "id": "CheckBootstrapVersion",
            "path": "JohnIamStack/CheckBootstrapVersion",
            "constructInfo": {
              "fqn": "aws-cdk-lib.CfnRule",
              "version": "2.151.0"
            }
          }
        },
        "constructInfo": {
          "fqn": "aws-cdk-lib.Stack",
          "version": "2.151.0"
        }
      },
      "Tree": {
        "id": "Tree",
        "path": "Tree",
        "constructInfo": {
          "fqn": "constructs.Construct",
          "version": "10.3.0"
        }
      }
    },
    "constructInfo": {
      "fqn": "aws-cdk-lib.App",
      "version": "2.151.0"
    }
  }
}