{
  "version": "36.0.0",
  "files": {
    "6fcceff477c73830a85a051c9bc71e3b4c639cf50a99c068c607b42e30433175": {
      "source": {
        "path": "asset.6fcceff477c73830a85a051c9bc71e3b4c639cf50a99c068c607b42e30433175",
        "packaging": "zip"
      },
      "destinations": {
        "992382386705-us-east-1": {
          "bucketName": "cdk-hnb659fds-assets-992382386705-us-east-1",
          "objectKey": "6fcceff477c73830a85a051c9bc71e3b4c639cf50a99c068c607b42e30433175.zip",
          "region": "us-east-1",
          "assumeRoleArn": "arn:${AWS::Partition}:iam::992382386705:role/cdk-hnb659fds-file-publishing-role-992382386705-us-east-1"
        }
      }
    },
    "6d451083c3cffce46c4fbc8b2dd9297c93eb929689854c6961d17efd716844d3": {
      "source": {
        "path": "JohnDynamodbStack.template.json",
        "packaging": "file"
      },
      "destinations": {
        "992382386705-us-east-1": {
          "bucketName": "cdk-hnb659fds-assets-992382386705-us-east-1",
          "objectKey": "6d451083c3cffce46c4fbc8b2dd9297c93eb929689854c6961d17efd716844d3.json",
          "region": "us-east-1",
          "assumeRoleArn": "arn:${AWS::Partition}:iam::992382386705:role/cdk-hnb659fds-file-publishing-role-992382386705-us-east-1"
        }
      }
    }
  },
  "dockerImages": {}
}