{
  "version": "36.0.0",
  "files": {
    "3f15b557aba5682f23c5af07cc4813be70f2568579d8fd7243907a596ef4dcf7": {
      "source": {
        "path": "asset.3f15b557aba5682f23c5af07cc4813be70f2568579d8fd7243907a596ef4dcf7",
        "packaging": "zip"
      },
      "destinations": {
        "992382386705-us-east-1": {
          "bucketName": "cdk-hnb659fds-assets-992382386705-us-east-1",
          "objectKey": "3f15b557aba5682f23c5af07cc4813be70f2568579d8fd7243907a596ef4dcf7.zip",
          "region": "us-east-1",
          "assumeRoleArn": "arn:${AWS::Partition}:iam::992382386705:role/cdk-hnb659fds-file-publishing-role-992382386705-us-east-1"
        }
      }
    },
    "93f99c025011a929cc0418b26c3528d7682fe4cceb0fce1601af7465f068ebdd": {
      "source": {
        "path": "JohnLambdaApigatewayS3Stack.template.json",
        "packaging": "file"
      },
      "destinations": {
        "992382386705-us-east-1": {
          "bucketName": "cdk-hnb659fds-assets-992382386705-us-east-1",
          "objectKey": "93f99c025011a929cc0418b26c3528d7682fe4cceb0fce1601af7465f068ebdd.json",
          "region": "us-east-1",
          "assumeRoleArn": "arn:${AWS::Partition}:iam::992382386705:role/cdk-hnb659fds-file-publishing-role-992382386705-us-east-1"
        }
      }
    }
  },
  "dockerImages": {}
}