{
  "version": "36.0.0",
  "files": {
    "9d8dfe29fe6e426e4b2de693a4559fc654826430f4165246364fa92ef4f2a2c7": {
      "source": {
        "path": "asset.9d8dfe29fe6e426e4b2de693a4559fc654826430f4165246364fa92ef4f2a2c7",
        "packaging": "zip"
      },
      "destinations": {
        "992382386705-us-east-1": {
          "bucketName": "cdk-hnb659fds-assets-992382386705-us-east-1",
          "objectKey": "9d8dfe29fe6e426e4b2de693a4559fc654826430f4165246364fa92ef4f2a2c7.zip",
          "region": "us-east-1",
          "assumeRoleArn": "arn:${AWS::Partition}:iam::992382386705:role/cdk-hnb659fds-file-publishing-role-992382386705-us-east-1"
        }
      }
    },
    "1451dc8a8b3705c1d8f8a002808403e6e4232a2808e056d058aedfa3cc11825d": {
      "source": {
        "path": "JohnLambdaStack.template.json",
        "packaging": "file"
      },
      "destinations": {
        "992382386705-us-east-1": {
          "bucketName": "cdk-hnb659fds-assets-992382386705-us-east-1",
          "objectKey": "1451dc8a8b3705c1d8f8a002808403e6e4232a2808e056d058aedfa3cc11825d.json",
          "region": "us-east-1",
          "assumeRoleArn": "arn:${AWS::Partition}:iam::992382386705:role/cdk-hnb659fds-file-publishing-role-992382386705-us-east-1"
        }
      }
    }
  },
  "dockerImages": {}
}